word,count
like,1453
people,1256
dont,1088
would,993
get,938
know,920
one,654
thats,647
right,637
cant,593
never,590
im,569
make,554
see,549
good,545
us,543
sure,520
really,487
could,479
think,467
need,466
way,466
youre,447
go,442
didnt,434
want,429
much,423
mean,407
must,405
god,386
doesnt,373
well,371
going,371
money,357
even,348
everyone,346
time,343
totally,339
government,338
man,338
better,318
theyre,311
isnt,310
thing,307
got,304
great,298
look,291
use,278
every,277
hes,276
