category,count
politics,2766
pics,1295
AskReddit,1155
reddit.com,1152
worldnews,1055
atheism,1055
WTF,731
gaming,657
funny,654
Libertarian,376
todayilearned,354
technology,346
science,322
videos,318
fffffffuuuuuuuuuuuu,299
guns,284
MensRights,241
news,236
Economics,221
IAmA,218
starcraft,193
canada,191
programming,153
Minecraft,143
trees,121
TwoXChromosomes,110
nfl,105
soccer,101
conspiracy,100
environment,98
AdviceAnimals,98
Music,94
leagueoflegends,94
offbeat,93
Android,93
battlefield3,90
movies,86
business,85
worldpolitics,78
ronpaul,75
occupywallstreet,73
apple,67
india,66
lgbt,66
Israel,65
australia,65
linux,62
hockey,62
CFB,61
entertainment,59
